,Acetate,Maltose,4~Hydroxybenzoate
ecoli,0.00061875,0.18562499999999998,
pf,0.2784375,,266.40358593749994
