{
   "B4": {
      "c_EX_cpd00029_e0": {
         "0.16359567324854973": 0.0,
         "0.32719134649709947": 0.01984546660705106,
         "0.4907870197456492": 0.03427977100508731,
         "0.6543826929941989": 0.043030659446444935,
         "0.8179783662427487": 0.05035229929046413,
         "0.9815740394912984": 0.05319112435234806,
         "1.1451697127398481": 0.05395220642633432,
         "1.3087653859883979": 0.06601242647125805,
         "1.4723610592369476": 0.08917919999999771
      },
      "c_EX_cpd00136_e0": {
         "0.16359567324854973": 0.0,
         "0.32719134649709947": 0.0,
         "0.4907870197456492": 0.0,
         "0.6543826929941989": 0.0,
         "0.8179783662427487": 0.0,
         "0.9815740394912984": 0.0,
         "1.1451697127398481": 0.0,
         "1.3087653859883979": 0.0,
         "1.4723610592369476": 0.0
      },
      "c_EX_cpd00179_e0": {
         "0.16359567324854973": 5.0,
         "0.32719134649709947": 3.9985938455185206,
         "0.4907870197456492": 3.2702360020845775,
         "0.6543826929941989": 2.828664447438316,
         "0.8179783662427487": 2.45921305857088,
         "0.9815740394912984": 2.3159653867093066,
         "1.1451697127398481": 2.277561035325375,
         "1.3087653859883979": 1.6689999560360578,
         "1.4723610592369476": 0.5
      },
      "b_ecoli_malt": {
         "0.16359567324854973": 19.90338493226754,
         "0.32719134649709947": 20.904791086748876,
         "0.4907870197456492": 8.776427614243472,
         "0.6543826929941989": 9.217999168889733,
         "0.8179783662427487": 5.837467826097409,
         "0.9815740394912984": 0.0,
         "1.1451697127398481": 1.5650108841034438,
         "1.3087653859883979": 23.23438497623144,
         "1.4723610592369476": 24.403384932267496
      },
      "g_ecoli_malt": {
         "0.16359567324854973": 5.971015479680261,
         "0.32719134649709947": 6.271437326024663,
         "0.4907870197456492": 2.6329282842730417,
         "0.6543826929941989": 2.7653997506669197,
         "0.8179783662427487": 1.7512403478292227,
         "0.9815740394912984": 0.0,
         "1.1451697127398481": 0.46950326523103314,
         "1.3087653859883979": 6.970315492869432,
         "1.4723610592369476": 7.3210154796802485
      },
      "cvf_ecoli_malt": {
         "0.16359567324854973": 0.0,
         "0.32719134649709947": 0.0,
         "0.4907870197456492": 0.0,
         "0.6543826929941989": 0.0,
         "0.8179783662427487": 0.0,
         "0.9815740394912984": 1.5266065327194613,
         "1.1451697127398481": 21.06081301283868,
         "1.3087653859883979": 0.0,
         "1.4723610592369476": 0.0
      },
      "cvt_ecoli_malt": {
         "0.16359567324854973": 0.0,
         "0.32719134649709947": 12.856721315939348,
         "0.4907870197456492": 0.0,
         "0.6543826929941989": 3.7499827316597587,
         "0.8179783662427487": 5.9807154979589825,
         "0.9815740394912984": 0.0,
         "1.1451697127398481": 0.0,
         "1.3087653859883979": 0.0,
         "1.4723610592369476": 0.0
      },
      "b_ecoli_stationary": {
         "0.16359567324854973": 0.0,
         "0.32719134649709947": 0.0,
         "0.4907870197456492": 12.856721315939348,
         "0.6543826929941989": 12.8567213159394,
         "0.8179783662427487": 16.60670404759916,
         "0.9815740394912984": 22.58741954555814,
         "1.1451697127398481": 21.06081301283868,
         "1.3087653859883979": 0.0,
         "1.4723610592369476": 0.0
      },
      "g_ecoli_stationary": {
         "0.16359567324854973": 0.0,
         "0.32719134649709947": 0.0,
         "0.4907870197456492": 0.0,
         "0.6543826929941989": 0.0,
         "0.8179783662427487": 0.0,
         "0.9815740394912984": 0.0,
         "1.1451697127398481": 0.0,
         "1.3087653859883979": 0.0,
         "1.4723610592369476": 0.0
      },
      "b_pf_acetate": {
         "0.16359567324854973": 0.0,
         "0.32719134649709947": 0.0,
         "0.4907870197456492": 0.0,
         "0.6543826929941989": 0.0,
         "0.8179783662427487": 0.0,
         "0.9815740394912984": 0.0,
         "1.1451697127398481": 0.0,
         "1.3087653859883979": 0.0,
         "1.4723610592369476": 0.0
      },
      "g_pf_acetate": {
         "0.16359567324854973": 0.0,
         "0.32719134649709947": 0.0,
         "0.4907870197456492": 0.0,
         "0.6543826929941989": 0.0,
         "0.8179783662427487": 0.0,
         "0.9815740394912984": 0.0,
         "1.1451697127398481": 0.0,
         "1.3087653859883979": 0.0,
         "1.4723610592369476": 0.0
      },
      "cvf_pf_acetate": {
         "0.16359567324854973": 0.0,
         "0.32719134649709947": 0.0,
         "0.4907870197456492": 0.0,
         "0.6543826929941989": 0.0,
         "0.8179783662427487": 0.0,
         "0.9815740394912984": 0.0,
         "1.1451697127398481": 0.0,
         "1.3087653859883979": 0.0,
         "1.4723610592369476": 0.0
      },
      "cvt_pf_acetate": {
         "0.16359567324854973": 0.0,
         "0.32719134649709947": 0.0,
         "0.4907870197456492": 0.0,
         "0.6543826929941989": 0.0,
         "0.8179783662427487": 0.0,
         "0.9815740394912984": 0.0,
         "1.1451697127398481": 0.0,
         "1.3087653859883979": 0.0,
         "1.4723610592369476": 0.0
      },
      "b_pf_4HB": {
         "0.16359567324854973": 0.0,
         "0.32719134649709947": 0.0,
         "0.4907870197456492": 0.0,
         "0.6543826929941989": 0.0,
         "0.8179783662427487": 0.0,
         "0.9815740394912984": 0.0,
         "1.1451697127398481": 0.0,
         "1.3087653859883979": 0.0,
         "1.4723610592369476": 0.0
      },
      "g_pf_4HB": {
         "0.16359567324854973": 0.0,
         "0.32719134649709947": 0.0,
         "0.4907870197456492": 0.0,
         "0.6543826929941989": 0.0,
         "0.8179783662427487": 0.0,
         "0.9815740394912984": 0.0,
         "1.1451697127398481": 0.0,
         "1.3087653859883979": 0.0,
         "1.4723610592369476": 0.0
      },
      "cvf_pf_4HB": {
         "0.16359567324854973": 0.0,
         "0.32719134649709947": 0.0,
         "0.4907870197456492": 0.0,
         "0.6543826929941989": 0.0,
         "0.8179783662427487": 0.0,
         "0.9815740394912984": 0.0,
         "1.1451697127398481": 0.0,
         "1.3087653859883979": 0.0,
         "1.4723610592369476": 0.0
      },
      "cvt_pf_4HB": {
         "0.16359567324854973": 0.0,
         "0.32719134649709947": 0.0,
         "0.4907870197456492": 0.0,
         "0.6543826929941989": 0.0,
         "0.8179783662427487": 0.0,
         "0.9815740394912984": 0.0,
         "1.1451697127398481": 0.0,
         "1.3087653859883979": 0.0,
         "1.4723610592369476": 0.0
      },
      "b_pf_stationary": {
         "0.16359567324854973": 0.0,
         "0.32719134649709947": 0.0,
         "0.4907870197456492": 0.0,
         "0.6543826929941989": 0.0,
         "0.8179783662427487": 0.0,
         "0.9815740394912984": 0.0,
         "1.1451697127398481": 0.0,
         "1.3087653859883979": 0.0,
         "1.4723610592369476": 0.0
      },
      "g_pf_stationary": {
         "0.16359567324854973": 0.0,
         "0.32719134649709947": 0.0,
         "0.4907870197456492": 0.0,
         "0.6543826929941989": 0.0,
         "0.8179783662427487": 0.0,
         "0.9815740394912984": 0.0,
         "1.1451697127398481": 0.0,
         "1.3087653859883979": 0.0,
         "1.4723610592369476": 0.0
      },
      "Raw_OD(590)__bio": {
         "0.16359567324854973": 23.303821013036075,
         "0.32719134649709947": 21.546940886735662,
         "0.4907870197456492": 21.63314893018292,
         "0.6543826929941989": 21.294800714479546,
         "0.8179783662427487": 22.581407960521528,
         "0.9815740394912984": 21.554277826452303,
         "1.1451697127398481": 22.625823896942123,
         "1.3087653859883979": 21.957505551935537
      },
      "Raw_OD(590)__diffpos": {
         "0.16359567324854973": 3.4004360807685368,