short_codes,trial_IDs,Time (s),Raw_OD(590),mNeonGreen,mRuby
A3,r1_ecoli_mRuby-r20_pf-5_ecoli,0.7173333333333333,0.0673286348581314,23932.0,745.0
A3,r1_ecoli_mRuby-r20_pf-5_ecoli,596.851,0.0695744261145592,23739.0,659.0
A3,r1_ecoli_mRuby-r20_pf-5_ecoli,1188.729,0.064329195022583,23757.0,679.0
A3,r1_ecoli_mRuby-r20_pf-5_ecoli,1781.2083333333333,0.0645865723490715,23516.0,695.0
A3,r1_ecoli_mRuby-r20_pf-5_ecoli,2373.693333333333,0.0635764211416245,23090.0,717.0
A3,r1_ecoli_mRuby-r20_pf-5_ecoli,2966.217,0.0674176350235939,22834.0,729.0
A3,r1_ecoli_mRuby-r20_pf-5_ecoli,3558.542,0.064351099729538,22585.0,752.0
A3,r1_ecoli_mRuby-r20_pf-5_ecoli,4150.973,0.067550240457058,22862.0,687.0
A3,r1_ecoli_mRuby-r20_pf-5_ecoli,4743.39,0.0655549511313438,22688.0,702.0
